Date,XIC.TO,ZEB.TO,XEI.TO,ZLB.TO
2015-01-31,0.3213,0.147,0.3572,0.1745
2015-02-28,0.2199,0.1472,0.2449,0.388
2015-03-31,0.3093,0.3292,0.1878,0.1738
2015-04-30,0.3993,0.1344,0.2328,0.2334
2015-05-31,0.3589,0.1287,0.1464,0.3661
2015-06-30,0.2092,0.4467,0.0868,0.2573
2015-07-31,0.2615,0.4005,0.1939,0.1441
2015-08-31,0.1745,0.1859,0.2719,0.3677
2015-09-30,0.1245,0.1461,0.5397,0.1897
2015-10-31,0.2741,0.2807,0.2738,0.1714
2015-11-30,0.2332,0.2838,0.2139,0.2691
2015-12-31,0.0953,0.1133,0.3255,0.466
2016-01-31,0.15,0.2017,0.4463,0.202
2016-02-29,0.1551,0.297,0.1972,0.3507
2016-03-31,0.1135,0.1486,0.2931,0.4447
2016-04-30,0.1327,0.3142,0.203,0.3501
2016-05-31,0.3595,0.2901,0.1233,0.2271
2016-06-30,0.2353,0.3377,0.1912,0.2358
2016-07-31,0.2477,0.1864,0.2627,0.3032
2016-08-31,0.1285,0.3122,0.2194,0.3399
2016-09-30,0.3419,0.1569,0.2837,0.2175
2016-10-31,0.2661,0.3086,0.2328,0.1924
2016-11-30,0.1633,0.3599,0.2623,0.2146
2016-12-31,0.2278,0.2371,0.2884,0.2467
2017-01-31,0.1786,0.1558,0.2624,0.4031
2017-02-28,0.2183,0.0895,0.2919,0.4004
2017-03-31,0.2336,0.2812,0.1556,0.3295
2017-04-30,0.2832,0.1842,0.267,0.2657
2017-05-31,0.2767,0.2295,0.232,0.2617
2017-06-30,0.1687,0.3383,0.1923,0.3007
2017-07-31,0.1431,0.3256,0.276,0.2553
2017-08-31,0.1471,0.2065,0.2982,0.3482
2017-09-30,0.1661,0.2525,0.2545,0.3269
2017-10-31,0.1958,0.1907,0.478,0.1356
2017-11-30,0.3032,0.3175,0.216,0.1633
2017-12-31,0.1625,0.4267,0.2272,0.1836
2018-01-31,0.298,0.3719,0.2253,0.1048
2018-02-28,0.2111,0.2072,0.2129,0.3688
2018-03-31,0.2291,0.1291,0.3115,0.3303
2018-04-30,0.2401,0.2502,0.3324,0.1773
2018-05-31,0.2379,0.1999,0.3273,0.2348
2018-06-30,0.2208,0.2203,0.3344,0.2245
2018-07-31,0.3263,0.2517,0.2482,0.1738
2018-08-31,0.2749,0.253,0.3354,0.1367
2018-09-30,0.4059,0.2716,0.2148,0.1077
2018-10-31,0.1124,0.3588,0.2686,0.2601
2018-11-30,0.2945,0.1764,0.2509,0.2783
2018-12-31,0.1899,0.2444,0.4058,0.1598
2019-01-31,0.2408,0.2198,0.2918,0.2476
2019-02-28,0.14,0.3369,0.0646,0.4585
2019-03-31,0.1948,0.2436,0.3688,0.1928
2019-04-30,0.1372,0.4083,0.2697,0.1848
2019-05-31,0.3827,0.2653,0.1391,0.2129
2019-06-30,0.2056,0.2767,0.2772,0.2404
2019-07-31,0.2496,0.1747,0.3382,0.2374
2019-08-31,0.2191,0.199,0.3771,0.2048
2019-09-30,0.2752,0.2385,0.1773,0.309
2019-10-31,0.2677,0.2478,0.1453,0.3393
2019-11-30,0.2313,0.2009,0.2852,0.2826
2019-12-31,0.2494,0.2704,0.3177,0.1625
2020-01-31,0.3303,0.1167,0.2205,0.3325
2020-02-29,0.3787,0.1271,0.3649,0.1292
2020-03-31,0.3737,0.1082,0.2374,0.2807
2020-04-30,0.3354,0.1901,0.2685,0.2059
2020-05-31,0.1344,0.3133,0.2825,0.2698
2020-06-30,0.24,0.1945,0.2633,0.3023
2020-07-31,0.3374,0.129,0.2507,0.2828
2020-08-31,0.2293,0.1275,0.3995,0.2437
2020-09-30,0.2698,0.2138,0.3094,0.207
2020-10-31,0.1089,0.1734,0.2243,0.4934
2020-11-30,0.2587,0.3319,0.2361,0.1733
2020-12-31,0.2208,0.1256,0.2115,0.4421
2021-01-31,0.2122,0.2979,0.2828,0.207
2021-02-28,0.1633,0.229,0.2438,0.3639
2021-03-31,0.3112,0.1311,0.3181,0.2397
2021-04-30,0.3772,0.1449,0.1982,0.2796
2021-05-31,0.2744,0.3608,0.1399,0.2249
2021-06-30,0.2255,0.348,0.2621,0.1644
2021-07-31,0.0911,0.2649,0.3062,0.3379
2021-08-31,0.3192,0.2558,0.226,0.1991
2021-09-30,0.2096,0.3786,0.1832,0.2286
2021-10-31,0.2322,0.2877,0.1108,0.3694
2021-11-30,0.3041,0.1982,0.3249,0.1729
2021-12-31,0.2478,0.2515,0.3583,0.1425
2022-01-31,0.384,0.1484,0.208,0.2595
2022-02-28,0.3454,0.2946,0.2046,0.1553
2022-03-31,0.3409,0.3896,0.1978,0.0716
2022-04-30,0.1432,0.3305,0.2692,0.2571
2022-05-31,0.2881,0.2217,0.2915,0.1986
2022-06-30,0.2772,0.1031,0.5251,0.0947
2022-07-31,0.196,0.2752,0.234,0.2948
2022-08-31,0.287,0.3164,0.1102,0.2863
2022-09-30,0.49,0.0888,0.2997,0.1215
2022-10-31,0.4155,0.0885,0.2717,0.2242
2022-11-30,0.2688,0.1596,0.2694,0.3023
2022-12-31,0.1865,0.3499,0.2363,0.2273
2023-01-31,0.3493,0.1988,0.2528,0.1991
2023-02-28,0.226,0.3079,0.318,0.1481
2023-03-31,0.3084,0.1435,0.1632,0.3849
2023-04-30,0.2045,0.2959,0.1084,0.3912
2023-05-31,0.291,0.2761,0.2623,0.1707
2023-06-30,0.2283,0.2004,0.1823,0.389
2023-07-31,0.1285,0.1843,0.3357,0.3515
2023-08-31,0.2942,0.1898,0.3668,0.1491
2023-09-30,0.2595,0.2204,0.2835,0.2365
2023-10-31,0.1911,0.2466,0.1794,0.3829
2023-11-30,0.3286,0.2639,0.1496,0.2579
2023-12-31,0.2252,0.2532,0.3871,0.1346
2024-01-31,0.3132,0.1923,0.3364,0.1581
2024-02-29,0.1873,0.3062,0.2455,0.261
2024-03-31,0.3103,0.2909,0.1478,0.251
2024-04-30,0.1343,0.3848,0.2367,0.2443
2024-05-31,0.2333,0.2873,0.2689,0.2105
2024-06-30,0.2943,0.2004,0.2249,0.2804
2024-07-31,0.2071,0.144,0.4054,0.2435
2024-08-31,0.3052,0.1757,0.1579,0.3612
2024-09-30,0.2629,0.3178,0.2556,0.1637
2024-10-31,0.2676,0.1452,0.1301,0.4571
2024-11-30,0.2557,0.1851,0.1665,0.3926
2024-12-31,0.3725,0.3024,0.165,0.16
2025-01-31,0.1405,0.244,0.4332,0.1823
2025-02-28,0.3485,0.1726,0.248,0.2309
2025-03-31,0.2624,0.3075,0.2122,0.2179
2025-04-30,0.165,0.3752,0.1964,0.2634
2025-05-31,0.1377,0.3855,0.1901,0.2867
2025-06-30,0.2785,0.2187,0.1771,0.3257
